pushup%20(143)_jpg.rf.12a087e7e43f3c80666ea6b731cc1caf.jpg,pushups_down,184.57231,292.5709,-245.88892,188.88152,281.9018,-259.64468,193.46013,280.17902,-259.6653,203.83105,277.7835,-259.76294,175.98659,282.87927,-259.28503,172.31676,282.0661,-259.32153,168.65349,281.21243,-259.3188,216.28773,261.3129,-245.84631,173.49165,264.32712,-245.45316,197.86765,285.34137,-232.10466,185.04922,286.95667,-231.95801,272.09497,223.76608,-199.09908,164.10103,224.8593,-189.87108,312.55948,200.44565,-125.046005,147.08945,203.9905,-104.359116,279.83957,286.36386,-85.71754,154.47025,274.13553,-37.793762,287.45853,306.16287,-95.023186,145.18442,290.8803,-35.7959,273.59427,306.05194,-98.95492,156.80862,296.0096,-45.096733,265.91293,296.3473,-85.25485,164.31071,293.1023,-38.256237,257.94333,147.51878,-5.6112947,216.69656,148.5157,5.753186,269.78644,125.19945,165.09242,242.63806,123.99678,177.91797,272.43246,86.524345,336.82983,252.41579,87.72372,361.0635,272.12808,75.578354,358.90396,252.81165,77.16465,384.70395,279.8137,117.39452,379.48685,262.6476,116.18497,408.3536
pushup%20(37)_jpg.rf.ae351afe48f05f706eb7958127a04a00.jpg,pushups_down,324.60165,95.50127,94.05114,322.78143,84.401855,93.18764,321.53683,84.008255,93.1405,320.39127,83.85683,93.11183,325.1329,86.996086,78.762596,325.371,87.00832,78.76461,325.68497,87.39261,78.66481,314.4478,87.68606,93.153595,321.22748,92.575966,27.901926,318.66513,101.06013,97.246574,320.92548,102.92614,78.52998,276.44647,103.63473,125.32066,301.95764,127.81256,-44.310665,239.70221,77.994736,157.41362,267.75266,128.41827,-117.0563,247.58482,130.83257,177.05159,279.8139,175.00237,-172.83022,254.62021,141.23407,182.08627,287.07504,180.93138,-186.06346,260.49298,147.83427,165.22734,287.53168,178.94952,-169.08745,257.90347,145.39865,169.6175,284.01898,175.75996,-166.77423,191.47722,136.82472,67.71946,191.22726,153.53848,-67.75542,115.951645,147.33601,65.94641,110.29771,165.76834,-121.03723,30.626053,125.94876,76.13412,17.978968,137.03546,-159.4208,19.481106,116.58004,74.49233,10.339675,124.84506,-160.79602,9.724944,138.26152,52.812393,9.910774,175.95387,-194.26363
pushup%20(38)_jpg.rf.1056831778bcfb522853ae06947e38c0.jpg,pushups_down,316.94754,98.34766,94.584335,319.8111,80.45648,94.596565,318.82278,80.23231,94.52617,317.77866,80.33371,94.4776,321.15823,80.302925,79.001595,321.22903,80.01344,79.00693,321.31458,80.16776,78.89802,311.53903,81.10774,100.80305,313.57404,93.840096,30.805548,310.51053,101.2897,100.73467,310.9642,103.23888,80.53339,272.7961,89.31021,130.86935,300.7705,114.466446,-39.585186,236.7469,64.04631,168.9115,273.94623,119.881485,-120.26155,243.63495,115.229645,195.63199,281.79327,161.88324,-181.11586,251.15767,125.87122,202.01375,286.4641,168.68156,-193.85548,257.24017,132.75168,185.55371,288.2719,164.71999,-175.88591,254.5029,130.29971,188.49458,285.1065,161.62044,-174.6024,191.5149,124.65976,64.82121,191.52461,141.64644,-64.86745,114.70225,138.28644,54.274685,109.71327,153.74382,-135.71696,30.794106,114.4951,62.355488,19.609684,122.029015,-186.10838,18.174194,102.58346,60.81907,11.005286,108.75947,-189.08868,11.9216795,125.40954,40.76841,10.321822,163.28076,-225.909
pushup%20(39)_jpg.rf.14d0519577c61112e4c979431049a8f8.jpg,pushups_down,322.19135,88.45627,116.47332,323.34222,79.772224,108.76459,322.50873,78.96624,108.704865,321.66357,78.338776,108.65289,324.84225,82.68792,98.38338,325.00882,83.15669,98.369255,325.28238,83.82672,98.2564,315.89447,80.07527,84.016075,322.6669,88.25491,38.238735,312.53818,95.48415,111.34309,313.15234,99.58512,98.27869,275.90714,79.34891,98.49852,307.27078,120.4103,-37.473614,234.92136,59.796036,112.17319,264.27258,117.345985,-108.10451,237.06067,112.14289,137.38539,273.1638,150.06439,-150.41628,244.30118,124.39395,141.57646,277.61017,153.93364,-156.71207,249.67685,131.3961,129.78139,279.15683,153.70673,-140.63939,246.75098,128.72589,131.78848,277.1414,153.69916,-144.58731,188.53862,114.12568,63.832775,187.55182,138.62334,-63.892582,113.42446,126.77222,87.73467,109.1148,150.55539,-134.9081,33.978397,109.34812,102.43392,18.183382,125.29657,-189.43956,22.989574,102.770035,100.98303,9.661133,114.93901,-193.0023,20.826982,124.50396,84.66055,8.14527,162.48518,-228.15527
pushup%20(40)_jpg.rf.83b032c03940fb2d835cd76f13e2f467.jpg,pushups_down,315.2358,87.110374,139.90688,317.1767,78.579704,125.37115,316.01752,77.24783,125.32649,314.78748,76.097084,125.28203,319.55936,82.56203,121.31075,320.09567,83.428825,121.31064,320.62427,84.27721,121.20132,308.47168,76.975365,74.369095,316.784,88.987465,56.85694,309.17184,88.378265,125.37174,311.66064,92.94554,120.448006,275.49573,75.203316,73.95869,303.02026,118.07269,-16.681826,230.38174,48.874283,100.88306,255.3613,118.1328,-92.3345,239.06776,97.2023,157.65147,269.6332,139.1243,-154.61409,239.08994,103.776245,165.84967,272.7385,144.77545,-159.48372,244.03973,107.285194,156.59396,277.37335,143.27286,-143.02454,248.96332,113.315544,155.05876,269.59717,141.50035,-148.96645,182.39185,106.26801,57.6849,184.52481,137.51651,-57.788857,105.8192,118.52169,124.78323,104.96893,154.17598,-108.06206,29.649147,101.02519,129.30371,14.959839,133.73428,-190.40436,19.42239,92.52291,126.813614,-6.5625467,123.565895,-195.86153,11.165242,113.649055,112.98384,0.8436432,157.70848,-223.14864
pushup%20(41)_jpg.rf.09f37054140b63383c82c21d97b353a0.jpg,pushups_down,285.76654,112.895065,125.226425,286.37396,105.26437,108.18834,285.05396,103.75668,108.15624,284.3949,103.364845,108.11788,288.1374,106.77295,110.078156,289.0114,108.72448,110.0509,289.3533,109.536766,109.89908,281.18625,105.72287,49.97945,287.39575,113.46759,61.091354,280.20255,114.56357,108.24702,281.42584,120.19991,111.598755,257.1729,106.44137,47.929657,275.0678,144.0283,19.279379,217.76917,84.25188,89.60545,227.203,153.41647,9.219986,218.78511,111.65728,162.95161,239.86845,168.6144,14.323623,221.91069,116.94355,173.17636,245.32497,174.1979,18.493708,226.88953,120.777374,169.69576,250.4884,170.4061,26.391483,225.31354,120.88536,164.1776,247.81056,167.87209,18.640827,156.28171,145.48804,31.268808,158.6259,174.67099,-31.508238,72.20647,147.46884,53.95841,67.34272,178.59103,-75.54652,15.387909,144.31607,81.99588,-20.47351,169.96712,-109.93365,11.515913,138.52971,82.102295,-36.545242,162.8274,-113.52275,4.6219616,148.69122,56.69444,-30.616606,185.24606,-153.32584
pushup%20(45)_jpg.rf.9e2b1afff45cf4ea9e32946fa532c464.jpg,pushups_down,312.46103,169.24205,117.33587,314.25708,161.06038,103.75362,312.7733,158.90155,103.72082,311.17892,157.17052,103.700455,316.80728,164.48802,100.19846,317.2587,164.93399,100.21293,317.716,165.45969,100.14725,305.45868,155.94763,65.32382,315.35977,168.39256,50.89974,305.71255,170.20491,108.45655,308.78857,174.8742,104.40363,271.15512,156.10092,74.05687,299.11243,198.39624,-4.5213027,230.39545,122.803665,134.69128,271.68747,222.56943,-50.150513,235.8073,158.46857,251.04297,274.60925,231.34747,-70.78234,236.98595,161.78433,272.3699,280.86508,229.65942,-70.01126,239.05106,164.37596,267.2122,280.11368,228.97476,-56.351585,238.86969,163.47762,253.52415,278.14948,228.67004,-64.64977,183.07243,191.79543,46.97498,187.54199,227.08919,-47.14412,109.556206,206.1947,53.01752,106.692444,251.92903,-87.06739,28.587389,185.6948,34.964798,13.3989725,236.89119,-156.35797,16.089138,176.1881,31.35151,6.958767,227.93433,-160.41298,14.15903,206.9278,24.454544,8.9012985,262.95834,-171.54564
pushup%20(46)_jpg.rf.1d1416e3f694d9f870d57e1c205499ea.jpg,pushups_down,310.55914,190.7056,184.25153,313.91174,182.84349,173.05736,312.68097,181.04437,172.997,311.37152,179.1817,172.97676,316.63443,187.69962,170.35133,317.1888,188.62361,170.35246,317.73453,189.50328,170.27818,304.91916,176.4635,129.72447,314.27686,192.60056,120.40439,302.7191,190.73013,172.00432,306.2836,195.29613,169.14722,265.20807,169.72284,127.14351,293.73923,221.03427,45.07333,232.81996,139.3592,184.40556,259.84946,242.99876,-30.11892,234.51138,167.19016,312.68225,263.17017,254.88733,-106.289696,235.0305,169.3973,334.48755,266.57916,261.38278,-116.43785,236.72314,172.99593,331.66803,266.846,255.88324,-103.16475,236.58762,172.91492,316.06616,265.5121,254.88223,-102.34812,175.98938,203.55707,53.685707,181.23264,243.41962,-53.89303,102.28427,216.49971,71.454346,97.48948,259.94888,-139.74916,22.830547,190.66823,46.81799,-2.1718407,241.32475,-278.76483,12.328029,179.60373,40.09693,-20.02119,227.24713,-292.97964,7.0624743,208.46506,16.767479,-8.71258,254.93274,-332.09277
pushup%20(47)_jpg.rf.1de2efa6b3fee59cfac7570e36982abf.jpg,pushups_down,317.44455,200.60652,94.21083,321.3913,193.41127,83.56412,319.98575,190.78638,83.535706,318.54477,188.66322,83.51679,323.63254,197.6,76.849045,323.9582,198.39503,76.837,324.2406,199.1875,76.764336,315.5823,187.81686,56.63465,319.3425,201.50749,28.514425,308.59506,200.03465,89.891075,311.63165,205.32025,81.602875,268.64407,175.22443,82.69292,293.1983,232.26082,-42.01017,236.59833,140.0381,146.15945,271.37915,256.50116,-100.487915,239.35098,167.40622,260.42758,262.23718,273.52338,-137.09476,241.05923,172.20187,281.93335,265.74826,277.5927,-145.02794,242.44757,177.30383,276.51025,271.00555,275.86975,-131.92519,241.9491,177.07106,261.89893,269.14096,273.62067,-131.74889,173.80035,206.00667,63.0101,174.39687,247.20508,-63.25698,101.497475,215.59532,97.19821,90.85634,262.42368,-129.51575,23.697277,188.33893,116.77109,1.3942156,230.05946,-202.42072,11.072259,175.92264,116.5466,-12.931763,215.13242,-208.76413,9.803608,208.62802,104.850784,-16.609425,249.83815,-239.18175
pushup%20(57)_jpg.rf.5b69e3231b3b281c6f7e20b0a34a1587.jpg,pushups_down,271.85175,229.43909,-181.3501,276.12305,217.8802,-182.66516,276.14645,216.53212,-182.7083,276.09424,214.98991,-182.75487,274.4624,218.52501,-193.98146,273.33795,217.68732,-194.09386,271.98154,216.72145,-194.14413,266.5617,205.15633,-156.52715,261.296,208.5221,-204.75035,264.75208,231.9141,-166.87912,262.86365,231.59448,-180.60513,224.04549,152.73715,-99.237366,200.16927,225.1578,-189.20447,191.88243,97.29745,-18.682495,128.69086,227.43831,-110.984886,190.5429,73.42083,68.350395,145.2858,264.19916,21.296877,172.71599,59.63881,71.32056,148.162,277.74454,27.491795,172.89078,67.363075,72.134384,160.78517,276.10736,21.151533,169.74843,73.84427,71.96414,157.13132,268.16992,23.404032,98.770065,144.20366,44.280746,75.38021,184.47177,-44.254814,39.26816,124.86534,149.74228,10.549488,157.88489,71.43553,2.0432758,81.33963,300.15063,-54.07923,121.65313,205.52568,-17.145157,59.290504,317.01715,-67.01253,106.19274,222.24513,-5.2783985,92.015884,321.23947,-57.666374,144.58885,208.65012
pushup%20(58)_jpg.rf.6c5296c95dedbb0530394bcaa1c7358a.jpg,pushups_down,281.2597,218.69034,-212.12186,284.7569,206.53156,-211.73882,284.5829,204.39034,-211.75488,284.29187,202.36676,-211.77376,283.92398,208.04205,-226.63126,283.16873,207.48213,-226.7382,282.30307,206.72832,-226.8124,275.41238,193.77437,-182.05608,272.91202,199.16539,-247.46675,273.9933,219.88722,-196.59914,272.8355,220.32536,-215.5255,235.08609,147.99756,-114.756386,216.32364,220.95374,-237.8428,205.7956,102.02589,-22.123701,156.76854,209.36267,-172.96082,205.79248,80.15155,73.9778,163.77611,245.8673,-49.963264,197.99342,68.0824,77.45651,168.0258,259.60477,-48.15097,199.91272,73.945724,74.274185,166.91078,255.57545,-53.083553,198.42203,80.16192,75.62279,168.8943,249.25647,-47.256294,119.488754,137.43367,50.1559,100.84948,174.25453,-50.160553,52.655636,120.19652,138.49329,15.856718,167.204,37.628914,1.4034519,71.5791,284.63718,-49.580265,129.68541,160.47423,1.0172615,59.250908,300.623,-62.47171,115.63603,174.85677,-10.177748,82.18455,297.2345,-59.242985,154.4397,154.13596
pushup%20(59)_jpg.rf.676f312dca465d8f4345b4672d845281.jpg,pushups_down,288.60394,210.01099,-152.19699,292.61356,198.37607,-156.739,292.29758,196.51302,-156.76053,291.86618,194.45854,-156.80441,291.91016,200.3368,-167.63446,291.18298,199.99599,-167.70967,290.322,199.50858,-167.77213,282.62943,186.09792,-148.80939,281.23984,193.49164,-194.56673,281.13968,211.24475,-144.25806,280.48096,211.75488,-157.37206,240.31468,146.7649,-92.75557,227.27144,217.37628,-190.12201,206.9047,97.55657,6.0755515,167.92134,213.80672,-108.90263,206.15253,92.74899,110.512314,175.94244,251.2561,34.579468,198.77612,85.6992,115.30542,182.29248,262.90756,44.5144,200.84921,90.76628,111.36673,191.61987,260.3656,36.666138,199.40096,95.11423,112.14502,188.73352,254.00325,37.060707,121.56377,145.04973,43.10816,105.25285,185.64166,-43.15207,55.1303,127.65744,135.24469,23.09658,181.67801,46.85397,1.1933098,89.76439,265.01266,-40.20557,152.23738,175.33508,-2.082676,81.75393,279.94852,-53.827442,139.88937,190.90996,-8.723415,95.039406,282.45514,-45.73159,176.85999,183.3291
pushup%20(60)_jpg.rf.8b9f375d1d7625af77be096fe6cabe49.jpg,pushups_down,283.81555,206.68127,-165.10184,286.83905,196.23734,-167.76114,286.429,194.4764,-167.7737,285.87106,192.63239,-167.80904,286.009,198.21532,-179.45274,285.12335,198.10114,-179.52022,284.15903,197.90791,-179.56326,274.45316,186.1081,-153.07689,273.37228,194.21893,-202.81859,275.76797,208.79623,-155.05516,275.11774,210.57445,-169.34804,231.62323,151.20589,-91.269226,221.23442,222.8271,-198.47139,194.7442,100.776566,9.2969,162.53218,217.92068,-115.07926,192.76567,112.42024,119.59504,169.66875,252.50809,28.77697,191.93924,107.57536,127.1787,174.48732,262.37277,38.386562,194.52957,112.47127,121.44582,184.80536,261.26572,33.073402,193.2551,115.45086,120.700226,182.0997,256.0513,32.19899,115.40458,153.00677,44.101505,100.919044,192.65434,-44.104053,47.99595,142.55202,127.648254,16.298717,197.76965,33.756012,-1.1497006,105.2216,246.95073,-44.6184,168.36423,160.26105,-22.87727,88.71216,260.92484,-57.25004,155.82433,175.82703,-8.355989,118.23186,268.30643,-50.729397,193.63481,177.31046
pushup%20(61)_jpg.rf.c8cb8c2b2a4da8d63ca49a3896142a6a.jpg,pushups_down,286.28293,191.46439,-101.198074,290.07318,180.95836,-110.872765,289.6131,179.31897,-110.88112,289.0983,177.62035,-110.91515,289.47302,183.18018,-118.57894,288.69736,183.1264,-118.6293,287.806,183.01283,-118.69744,279.96774,172.82787,-122.60891,279.3005,181.57185,-154.14915,278.09006,193.95056,-99.60045,277.15817,195.25526,-108.645706,239.36888,142.04854,-74.20449,233.99619,208.41875,-166.12349,203.59958,91.31293,28.965267,180.42767,212.53401,-83.895256,209.82043,100.24105,139.88837,187.95216,238.01195,59.933224,208.20804,98.14749,148.04953,192.71521,246.90077,71.557625,210.2112,103.3854,143.02322,200.449,243.46823,65.603775,208.60458,106.19587,141.27446,198.65486,240.62338,63.141556,123.07136,147.02515,45.3613,110.1149,186.1065,-45.419804,59.850304,136.79012,156.88922,34.618275,178.69456,10.498925,4.545765,100.747406,293.82224,-44.054012,153.82623,77.61883,2.8977175,95.4348,308.40933,-59.085495,141.33719,86.27997,-4.795952,107.75407,312.5893,-50.710148,174.68675,66.21428
pushup%20(62)_jpg.rf.345758aeaa158adae15f66c353791873.jpg,pushups_down,295.47577,188.73268,-103.058716,298.35544,178.49536,-108.58699,298.0565,176.56094,-108.60013,297.6718,174.9093,-108.63522,297.72397,180.05742,-119.16791,296.99365,179.71458,-119.22781,296.16443,179.28647,-119.29349,289.5846,169.69447,-106.8012,288.04968,176.29779,-151.39441,287.8286,189.69083,-97.08086,287.26172,190.07603,-109.907326,245.98755,136.93723,-52.512512,247.92133,198.08539,-162.1142,213.34557,89.64368,49.088654,195.89812,202.64278,-79.54201,219.91467,110.59948,163.92474,201.63235,233.6112,80.76559,222.39117,112.38385,174.54279,208.92993,244.40941,96.02927,220.9109,115.08829,170.62352,217.65288,242.65717,92.91428,223.06837,118.67769,165.45183,214.39546,236.78186,85.525955,138.12105,148.23553,49.120365,123.340294,188.27466,-49.235817,72.245094,136.8916,164.09468,45.727833,177.3464,-37.80099,10.436092,99.05235,296.1232,-39.138496,145.6062,5.1705704,5.8042374,90.761185,309.5426,-54.374023,131.84468,10.7073555,5.441181,110.28366,314.71408,-46.450848,164.45636,-16.742807
pushup%20(63)_jpg.rf.058da216a8f6d65055ef24f717dcf001.jpg,pushups_down,301.7345,187.3078,-90.79696,304.71445,177.31483,-94.72235,304.21564,175.68088,-94.723,303.54044,174.03534,-94.727135,304.13278,179.43816,-104.660995,303.35297,179.42473,-104.710724,302.4152,179.35703,-104.79341,294.231,169.12375,-89.34166,294.3156,176.96022,-131.66971,294.4754,189.79193,-83.64534,293.59863,190.77077,-95.93127,252.33315,138.96663,-42.632786,255.60368,203.0732,-145.83842,221.4531,96.53688,59.61704,207.93483,206.18031,-87.97024,221.92621,101.240974,177.1099,216.2174,229.29828,42.851883,224.21936,101.2488,189.85112,222.50241,239.584,56.42252,226.04309,103.40635,188.25592,228.70682,236.37482,52.41828,224.95836,108.3723,179.88843,226.20595,230.26418,46.827953,146.69597,155.20607,48.50371,136.11201,193.52058,-48.723114,81.80097,148.96173,179.93738,60.323784,188.02316,-35.086937,22.053185,118.40101,321.45563,-0.94034576,152.69179,-2.6727533,12.759632,108.84679,335.40973,-32.48568,134.36427,1.8463687,16.079319,133.15714,337.58545,-27.776066,160.53392,-29.604824
pushup%20(73)_jpg.rf.ce6c9d0b23847e16a38efd5d7793910a.jpg,pushups_down,330.27048,139.7444,28.743517,332.8453,131.355,33.720287,332.5851,130.58205,33.702778,332.23935,129.94482,33.676342,332.1382,131.824,12.64679,331.51733,131.29308,12.624048,330.88773,130.87456,12.524627,324.4729,127.391,57.903828,323.17792,131.20573,-36.974598,324.43634,142.8093,40.512917,323.67914,143.02914,13.141626,285.2783,116.92347,103.128525,294.6646,143.06367,-90.370674,241.82935,85.18842,174.903,250.63034,111.121056,-163.06445,254.362,132.69461,240.45918,262.5774,168.96416,-195.70128,258.68564,142.9691,251.29593,269.3672,179.08841,-206.86642,261.20633,148.13,236.47276,272.04587,179.35751,-193.40965,258.82733,145.29648,235.14987,270.37888,177.52905,-189.18367,189.33191,137.52324,74.43518,182.6946,154.30923,-74.39581,115.3142,145.01129,118.334236,105.823265,164.06366,-132.59152,41.7393,120.371025,176.07776,20.30785,128.69078,-151.79637,33.133984,110.51698,178.068,10.055964,118.98023,-153.12532,30.294115,141.59465,155.59761,15.229627,168.82257,-196.4073
pushup%20(74)_jpg.rf.ddc4aa6ceacf9fd13f185ca8ece5b202.jpg,pushups_down,327.91843,135.66234,52.8254,330.16937,128.55585,57.566685,329.58493,127.378174,57.53067,328.89294,126.58974,57.497375,330.07614,129.14496,37.52323,329.51874,128.76851,37.500153,328.8403,128.55077,37.400608,320.5296,123.315125,80.85014,320.86847,127.85142,-9.36265,320.5239,137.29405,64.21901,320.1988,138.47495,38.045692,280.1176,108.64015,126.09762,293.7627,137.44138,-68.343605,240.10962,80.86177,198.3867,252.25809,108.01132,-164.99106,243.75592,127.545876,262.2954,265.4068,166.90038,-242.18515,246.38103,138.9143,275.19965,272.16663,173.78757,-259.8681,249.42674,144.69852,258.35583,275.70856,173.94215,-244.20633,247.81091,141.15979,256.27963,273.41394,170.94142,-236.22687,187.74075,130.82478,71.83712,182.6327,147.55255,-71.77587,115.04377,140.85977,71.08305,107.21782,157.33159,-138.26518,38.779816,112.29924,95.33016,21.822338,123.33998,-173.54979,27.737957,102.42382,94.09342,11.9715805,111.81517,-177.06082,32.467133,138.92834,65.29847,19.651611,163.25987,-222.13036
pushup%20(75)_jpg.rf.1d3e1aba4bc74dc62d82bb07a383ba51.jpg,pushups_down,331.62253,138.58423,-5.0984254,332.7096,130.58537,4.027192,332.2823,130.20145,4.0216484,331.79352,129.04868,4.0147047,332.3679,130.44173,-19.080877,331.65872,129.94113,-19.100723,330.8675,129.60211,-19.19704,324.10654,126.93763,46.856705,322.1288,128.9536,-57.246727,325.3583,141.75687,13.539436,324.95245,141.31203,-16.501802,292.79602,116.60689,103.82698,293.1327,134.34654,-102.81617,245.92213,82.71291,182.89964,249.53247,98.54719,-191.33826,255.63452,134.91188,239.3402,258.84863,161.423,-248.81592,260.31583,145.45705,250.09293,266.16937,172.5987,-264.40903,263.17264,150.80864,233.22757,271.3251,172.66512,-249.48796,260.69,147.57536,233.07062,269.26257,169.94511,-241.94035,190.67366,133.29262,76.487625,184.10948,148.43343,-76.435455,115.08448,125.349945,123.42085,106.61667,156.535,-124.97367,47.105858,108.66782,188.62508,23.465897,121.11933,-134.71112,36.71115,99.22099,191.58632,10.726634,109.18291,-135.35315,39.234814,137.45348,168.20331,19.648388,160.43764,-180.41496
pushup%20(76)_jpg.rf.2f5000c9096243c569ac4a24e88d0249.jpg,pushups_down,335.07233,151.89735,27.878206,335.76096,143.92932,36.17657,335.10406,142.96146,36.15425,334.30945,141.89171,36.15211,335.48474,144.16469,14.798996,334.71103,143.50124,14.769665,333.79593,142.76414,14.696104,326.048,137.4828,72.176346,325.93515,140.04922,-23.780405,328.93713,153.21965,43.383644,328.86835,153.45595,15.567717,287.34146,119.217896,122.26485,297.4959,144.86783,-77.91349,245.43713,86.517876,183.24742,255.70926,109.669205,-168.51324,246.8609,128.65518,235.0703,264.52808,167.75183,-234.80179,250.07846,137.83575,245.48814,273.12744,177.28369,-251.76593,252.63759,143.3464,228.99162,276.66028,176.14503,-234.82555,250.56781,140.35042,228.81354,274.07864,173.1914,-227.76413,191.14478,139.31708,76.1989,185.83336,156.01025,-76.13108,118.931915,146.35211,102.027794,108.91892,163.45181,-149.16667,46.822594,115.19711,155.38742,24.582886,125.94379,-180.86295,37.684746,108.47069,156.75832,11.772448,112.71878,-184.06012,37.295345,147.2134,130.06662,20.325914,164.12762,-234.02145
pushup%20(77)_jpg.rf.07ec9ba84233a3388840f474f306a6a8.jpg,pushups_down,332.92908,145.34517,5.5964265,333.448,137.64365,14.30449,332.85654,136.8487,14.29849,332.12268,136.11888,14.297637,332.8911,137.7707,-7.83533,331.97177,137.2369,-7.853592,330.90927,136.70811,-7.9333158,322.3938,133.07475,55.794678,321.17694,135.71571,-44.896626,327.18478,149.31084,23.36871,326.5966,149.14908,-5.6871643,287.39285,120.15259,109.04605,293.6022,143.6142,-92.37149,244.13309,86.47505,181.1828,250.41202,107.42508,-194.05814,250.23143,135.25887,235.25455,260.4566,168.91241,-271.7812,255.67271,145.24718,246.02051,269.09055,179.46169,-289.7937,258.88275,151.66748,227.69336,274.03613,179.6701,-271.57666,256.21686,148.55385,228.53769,271.4737,176.77486,-264.41815,188.48651,141.12059,77.1676,181.84528,157.56943,-77.09814,114.621475,135.16873,118.80311,105.04863,164.58038,-131.52193,47.812977,119.25518,179.99852,24.563843,128.68239,-143.66925,38.92405,108.87306,182.49445,12.516933,116.74937,-144.29793,40.039505,145.80045,157.4049,19.80465,165.15747,-188.56404
pushup%20(78)_jpg.rf.5eb05fb1560f953c54a60e5aa0db4a8b.jpg,pushups_down,329.58643,149.15886,4.2889686,330.8888,141.33644,12.076971,330.4684,140.57378,12.072858,329.93756,139.72711,12.081203,330.25385,141.62015,-9.748628,329.44638,141.1981,-9.772484,328.51364,140.74901,-9.860124,321.85425,136.97685,50.76392,320.36945,139.53305,-47.5629,323.46014,151.56119,21.319376,322.71835,151.78166,-7.1480546,282.87906,127.3469,104.00129,292.1921,143.15074,-96.24907,244.96436,89.25797,177.88974,250.90852,107.89367,-202.73816,251.87378,133.58249,241.15892,264.399,169.74846,-284.6273,257.1783,143.84291,253.21587,272.64227,180.5996,-302.13742,259.61557,148.99203,237.74397,276.7722,179.59578,-284.8666,256.8572,145.68764,235.86824,274.50275,177.39946,-277.20743,187.5451,141.57532,76.52076,181.54065,158.4067,-76.49433,113.00596,140.66269,125.62139,105.822075,165.85513,-146.99463,44.533382,118.33354,191.67908,20.920958,133.25865,-175.75215,34.787117,106.90594,194.45612,8.397069,119.90959,-178.58466,35.00678,141.03065,171.42876,17.364038,167.12216,-226.9495
pushup%20(79)_jpg.rf.70d59b5f9fb2bd51980a2f60e36c9054.jpg,pushups_down,334.38074,118.719696,-32.547043,334.37424,109.306,-24.021475,333.9255,108.65639,-24.020132,333.50046,108.02677,-24.020224,333.11697,109.13724,-48.017452,331.87793,108.41668,-48.06915,330.35965,107.78273,-48.150143,322.98764,104.946045,16.816912,318.61838,106.13109,-91.230896,327.4869,124.29963,-14.863203,326.21527,123.46384,-45.96562,290.29242,97.92258,69.72856,289.92984,119.404175,-120.13568,246.57066,72.05312,143.55258,246.29953,86.50783,-102.17201,254.92426,112.00365,195.4284,258.94724,143.50429,0.38692477,260.42062,120.0409,201.47156,265.00784,158.41069,6.1083894,261.82388,121.87561,188.51257,274.1784,155.17615,14.179088,258.52393,120.27435,190.19553,271.44092,150.25435,8.188226,189.1015,121.38566,75.63499,180.0704,135.93951,-75.563965,109.64856,124.705345,127.90222,99.9434,146.33185,-114.038246,39.735855,97.97976,200.57315,15.1051655,108.28683,-121.12485,28.83036,87.30575,205.05627,6.906089,97.00117,-120.612015,31.053106,125.99977,186.96027,10.418078,138.96976,-157.16841
pushup%20(80)_jpg.rf.b0cf8b7aa3eb5a56f21591c39bdbc678.jpg,pushups_down,315.47263,138.45209,56.984657,317.8376,131.50284,48.395084,317.39993,130.34927,48.40057,316.94464,129.29176,48.40307,317.72165,134.2631,40.19265,317.23184,134.81929,40.168133,316.7718,135.4694,40.090908,309.40436,126.40486,25.458523,311.4925,136.58789,-10.25593,308.91342,140.21863,52.333748,308.61368,142.44783,42.113007,267.4934,111.10757,47.098263,285.20282,150.19023,-59.763016,227.1912,83.3248,118.527664,248.39447,147.14932,-60.787506,242.54105,111.23423,221.60437,263.99612,164.38976,-7.5302763,240.21683,119.805984,236.5677,268.8134,168.52177,0.009337306,243.05354,124.47331,228.29448,273.0964,167.0901,5.020416,240.72601,123.292496,221.09293,270.19955,165.05716,-2.139697,175.29765,140.25818,55.24506,171.66757,159.82472,-55.321156,106.6259,139.59834,109.370735,94.34962,168.89084,-94.3614,35.01464,114.31731,156.81305,11.688056,138.84933,-135.66324,23.896744,105.41092,159.1582,-8.272571,125.61005,-138.48058,20.788822,124.11743,153.64574,6.4315767,161.41829,-163.74652
pushup%20(81)_jpg.rf.8dc999350d359a3d279401e4602fe5e4.jpg,pushups_down,320.77246,159.38039,15.475395,320.32837,150.00758,3.7409427,319.19437,148.18544,3.7556317,317.6697,145.94905,3.8029702,320.51294,152.40135,-2.0738447,319.69003,152.38623,-2.0952232,318.87988,152.55089,-2.1617532,306.603,141.5981,-23.233246,310.66983,153.1537,-49.281837,313.72318,161.87172,10.007678,313.31177,163.85611,2.8454595,267.19928,133.51215,-3.5016654,284.21954,180.61214,-77.5334,227.5928,100.52971,48.350388,249.20137,182.66768,-15.911013,231.60623,125.977646,123.74837,253.69861,196.40622,126.310104,228.61382,130.83635,132.2042,259.15027,194.30844,146.79483,230.72339,135.28204,128.57544,261.38956,190.68192,145.76169,233.81648,131.36703,124.566956,259.53162,188.3747,131.06128,171.26277,152.91104,44.203358,167.93553,187.97696,-44.37581,103.20834,148.4664,118.33943,91.57464,192.94978,-46.87729,33.891773,133.55544,183.33963,12.872551,169.89268,-42.03733,22.494915,124.50578,188.6564,8.773044,161.18297,-40.524296,26.600063,146.95853,189.06358,8.66946,187.12561,-61.470345
pushup%20(1)_jpg.rf.f7e0f03af0378dd9180adc2528ff30b9.jpg,pushups_up,201.98615,82.990974,-416.78955,208.23239,75.06914,-413.49374,210.94095,74.341644,-413.4852,213.40007,73.40192,-413.53384,200.07503,73.21983,-421.535,196.91689,70.918816,-421.64117,193.59694,68.38286,-421.70154,214.63934,65.0606,-339.25024,184.2526,58.239487,-377.4723,202.34302,87.24775,-383.5367,194.48897,84.81854,-394.46295,222.56073,82.95247,-241.64519,149.58395,73.20235,-335.24182,209.84189,152.754,-208.49925,116.68661,159.93106,-348.25668,217.33765,228.03987,-237.05862,112.77159,237.16498,-367.76434,227.79462,239.89345,-254.06355,106.80423,248.0883,-398.63724,222.91458,244.845,-273.65933,116.464195,252.2053,-406.5343,218.36378,240.35837,-246.51245,118.70379,246.77441,-372.0639,173.19038,152.78018,26.199411,135.73409,155.21748,-26.391071,169.77591,177.03854,277.8961,123.80243,182.94777,176.0353,141.24039,146.88434,482.16074,107.30792,149.36491,410.73627,135.48367,139.62563,504.50452,102.68857,140.16719,435.72375,138.08868,154.7344,491.11688,106.1534,163.03726,407.61914
pushup%20(10)_jpg.rf.2b3a5660d296b76af7a4acf25fe79c64.jpg,pushups_up,218.77115,115.87694,-456.22137,222.64645,109.27066,-456.87946,225.8256,107.867294,-456.8928,228.59433,106.20616,-456.96387,213.92085,109.64975,-455.6862,211.34102,108.663605,-455.72284,208.87662,107.486176,-455.74435,232.8293,95.7937,-394.10648,204.2781,96.60318,-389.51382,224.57309,116.674835,-426.91708,214.56657,116.86789,-425.68033,262.47678,105.58634,-325.99133,187.67484,112.674446,-298.2537,276.58926,191.57964,-323.0508,184.29222,183.73769,-280.05008,279.64923,267.53543,-340.67343,173.69815,252.01569,-309.65726,286.81915,278.8633,-372.67596,165.68454,265.12274,-336.23874,278.10205,281.4386,-386.78516,171.32726,267.4505,-356.24103,275.623,276.70447,-348.41327,176.32233,262.97717,-319.56122,255.61037,160.29005,-12.619339,217.595,154.37207,12.606332,245.8761,196.82207,186.1124,224.60054,191.53398,220.22063,259.39185,178.1211,424.91718,229.8119,177.95474,447.2261,260.70892,171.54253,448.9115,233.27977,175.7213,470.6489,262.96988,192.32057,420.98077,230.30006,191.58904,439.9321
pushup%20(11)_jpg.rf.6a5eb16d5067414384bfc3eb01fe7f8e.jpg,pushups_up,210.76575,107.16964,-396.27164,213.90999,99.03969,-397.9419,217.16232,97.203125,-397.94357,220.16922,95.29927,-398.021,205.08224,100.472275,-395.76077,202.46408,99.71163,-395.8089,199.96999,98.719345,-395.83936,224.7952,86.359474,-348.46985,195.41656,88.72301,-338.91663,217.23929,107.38568,-372.52206,207.40756,109.42965,-369.71152,255.98692,92.80035,-294.58115,182.2364,107.95552,-258.35312,272.7898,182.68079,-296.68582,184.95203,176.80127,-242.82817,279.0166,257.1452,-306.85175,177.15543,242.21872,-267.92908,283.416,266.48923,-334.32596,168.0576,260.6957,-288.2419,278.30234,269.4045,-343.4126,172.51021,262.46286,-307.22266,275.9934,264.95276,-312.69128,178.19624,255.18704,-277.34213,256.47,148.25603,-19.504288,217.41342,146.25821,19.437742,251.92558,197.7467,123.48003,232.61842,188.93695,185.08366,270.22604,168.74191,318.9438,237.55052,177.09032,364.8147,272.85577,159.46764,339.91733,246.40979,171.31923,384.31284,274.95978,187.0896,333.98297,241.60202,192.52315,374.55798
pushup%20(12)_jpg.rf.3c02245f56606345ceaaa9fa2d0a7b4e.jpg,pushups_up,190.42761,96.24294,-418.36078,192.97078,89.62114,-419.58023,196.27815,88.307495,-419.55716,199.44208,86.629524,-419.63818,184.61414,89.751305,-416.52313,182.15263,89.0254,-416.54953,179.66388,88.13825,-416.55582,204.29552,76.23959,-370.5158,175.74648,78.77291,-356.73334,197.62016,97.616455,-395.2067,187.70671,97.95271,-391.33554,238.37016,83.86378,-322.9527,164.69705,95.24733,-265.1813,250.64165,176.60135,-324.63174,168.99362,164.9366,-253.4143,264.18408,248.39578,-330.25415,161.32877,230.91328,-278.60974,268.0169,259.32736,-360.00967,150.36742,250.17953,-296.44662,260.51962,261.78177,-369.9269,157.43004,249.95924,-319.60638,258.78595,256.3651,-336.2089,163.674,242.82724,-289.54138,240.28914,133.81735,-28.278183,200.11523,129.7207,28.313423,235.73679,195.43054,40.853474,215.31325,186.35599,150.53622,262.50116,155.90892,257.10382,229.17804,164.06992,332.81528,261.93143,146.68965,280.74023,229.19002,157.55246,352.88248,273.40067,171.91945,300.9947,234.69812,174.94142,365.19562
pushup%20(13)_jpg.rf.df3b3ea1b10ff206ca16f828f2eac0b4.jpg,pushups_up,185.5958,82.55639,-394.4667,187.83821,75.1654,-394.39297,190.9033,73.82639,-394.38647,194.20634,72.06218,-394.4809,180.24187,75.49603,-390.71655,177.6259,74.5352,-390.73892,175.00313,73.29459,-390.73322,200.96886,61.933872,-346.40634,172.31328,64.64203,-329.07822,192.20454,84.51007,-372.4816,183.61421,85.05835,-367.52142,236.99466,72.68918,-304.9505,164.13782,87.859245,-243.69942,256.47128,159.90866,-310.29105,168.53278,156.54034,-232.87123,263.51028,239.82675,-319.7613,161.5965,223.13194,-260.14117,268.21744,251.7898,-350.3073,148.13387,230.73389,-276.5255,260.46747,254.53288,-359.5001,157.71863,241.29132,-300.63522,258.1878,248.75111,-325.4629,163.2063,234.21617,-271.10413,239.03598,134.74286,-29.849844,200.0447,128.65852,29.86071,229.77809,193.2461,48.346767,215.41649,177.2695,163.5064,261.83005,153.68562,258.77753,230.40668,158.3285,340.0089,260.71976,143.74289,281.4174,232.51314,152.51976,359.24667,270.52646,170.39325,291.8484,233.13362,173.02887,362.78912
pushup%20(14)_jpg.rf.ed5f63d62d6e6ae107ab8d66ce17148b.jpg,pushups_up,200.98232,90.14168,-404.12753,203.4476,81.28903,-406.21234,206.03549,79.49469,-406.20438,208.3362,77.508766,-406.26053,194.67307,82.80208,-402.75204,191.7977,82.001144,-402.794,189.26935,81.11376,-402.83035,212.83617,67.2113,-353.91577,184.16373,71.97988,-338.65506,206.9841,90.70831,-378.86728,197.87343,93.176445,-374.5116,246.5173,72.78342,-300.29248,171.93591,92.68697,-257.49155,269.44482,162.16821,-306.12152,175.75769,160.39201,-250.51974,271.44513,238.65851,-316.89886,168.08664,227.23987,-277.45575,277.5383,247.6728,-346.15073,156.45224,243.69217,-297.51385,269.2392,251.82935,-355.6672,163.38797,245.49834,-315.95343,267.15414,247.69229,-322.37802,170.36967,237.98608,-286.1034,246.04524,122.17525,-21.409306,207.0625,123.38629,21.438911,243.66019,187.71799,50.8445,229.29774,185.26047,127.67908,263.15445,156.29407,278.13303,242.97745,160.2145,330.06952,261.85934,149.90886,302.81375,243.54521,153.05817,353.29,271.57266,171.25145,315.39395,250.20288,173.96092,360.73648
pushup%20(15)_jpg.rf.582f4ef5aa0623fd90d0153b71ed7208.jpg,pushups_up,191.0864,90.67179,-426.848,193.88425,84.045,-428.27948,197.11499,82.669,-428.25073,200.18091,80.88284,-428.31604,185.78146,84.44827,-426.28543,183.15916,83.61415,-426.32928,180.5355,82.60799,-426.36493,204.55652,69.81531,-376.4316,176.10464,73.2364,-366.88687,197.08368,91.893105,-402.2601,187.91101,92.73324,-399.7004,238.03299,73.6956,-321.17975,164.51921,92.320175,-285.21902,259.11624,162.44319,-322.37216,166.2482,162.26219,-281.6476,261.80322,245.56653,-328.7168,157.93869,229.52562,-302.46936,266.2461,256.8453,-356.14047,149.11342,247.1004,-323.58212,259.3574,258.9331,-369.12814,154.0437,250.67896,-342.47775,257.5898,253.73601,-335.71133,159.47717,244.80182,-311.7011,240.10007,127.180725,-22.196262,200.05864,127.05362,22.215775,233.39459,198.85617,18.220737,214.51001,188.52126,108.58632,255.36046,154.40855,255.28683,228.68817,154.36864,315.24164,252.17072,143.44156,281.73776,227.00099,144.62794,338.5311,265.99124,168.13754,312.56375,238.91353,161.6833,361.90646
pushup%20(16)_jpg.rf.f28a44257ca6e56884d63e899d248ccd.jpg,pushups_up,173.8935,99.80511,-451.10446,177.52005,92.76486,-451.65036,180.93991,91.338554,-451.65225,184.16602,89.78077,-451.72333,168.73769,93.42159,-449.60706,166.07147,92.658615,-449.66083,163.47392,91.81502,-449.6909,189.7416,80.69453,-390.59076,160.11067,83.31053,-382.13055,180.47664,100.55954,-422.95078,170.48796,101.41633,-420.53876,222.67911,88.15142,-326.64136,146.31093,100.04497,-293.51068,239.50342,179.72684,-321.68396,146.5563,175.95345,-276.94775,242.11325,256.50684,-336.2141,135.87564,246.23892,-307.28018,246.9871,268.8424,-367.60706,127.99191,261.96167,-332.9087,240.07951,271.50745,-380.94925,133.26317,263.7088,-354.67236,237.68538,266.32086,-343.42737,138.31525,257.98392,-318.1726,218.9155,148.13092,-15.465149,180.32524,143.94168,15.422245,210.827,192.99066,142.83897,191.2136,187.64037,191.09283,225.60976,165.99594,383.77222,197.91585,168.75528,421.75272,226.74069,157.66371,408.94342,199.91443,163.41754,446.38474,231.89548,180.29549,396.64423,195.4699,182.1127,430.67975
pushup%20(17)_jpg.rf.343e0c64bfa023dfca8a83d3cc512e16.jpg,pushups_up,170.01942,108.00423,-517.3878,174.06963,100.782616,-516.12225,177.78929,99.544586,-516.12646,181.26639,98.061104,-516.194,164.85983,100.7826,-514.2735,162.2471,99.8884,-514.33185,159.70947,98.93142,-514.3747,186.8706,87.52871,-442.05402,156.37819,87.62174,-435.12994,176.8402,109.74983,-484.16064,166.27158,109.293434,-482.27173,218.72717,102.494576,-363.0241,141.17804,106.37432,-329.02716,225.51869,193.21074,-360.3629,138.91055,184.51721,-309.86035,237.29959,263.14615,-391.9465,129.46982,253.48068,-338.41272,245.6103,275.70575,-426.8405,119.85228,269.74542,-366.85995,234.52504,278.93488,-443.74893,125.81156,271.97412,-389.10907,231.85591,272.72787,-400.984,131.24352,266.03854,-349.69064,210.5438,153.67957,-16.14314,171.1825,148.91577,16.142513,203.42935,200.12695,189.51634,180.37827,194.58089,221.4888,216.17958,161.82172,446.1283,186.00664,169.40698,472.80746,215.50006,153.30704,472.69336,187.3286,163.54681,499.46375,223.86859,171.28613,449.0293,185.96872,179.46837,472.38876
pushup%20(18)_jpg.rf.d6c598b5a3eba75453886d4e6b7b1814.jpg,pushups_up,190.89085,101.991325,-508.52588,195.26668,94.48078,-505.2878,198.45992,92.84976,-505.28754,201.69879,91.69549,-505.37128,187.00307,94.34126,-504.2514,184.53143,92.934265,-504.30582,182.14346,92.02524,-504.36035,207.77536,84.111,-430.1032,178.16339,86.05641,-426.68365,196.55342,104.27214,-475.93384,186.85942,104.0345,-475.05762,236.20045,109.51619,-355.9373,160.2892,105.649445,-327.55963,241.08867,195.11774,-356.14722,156.67078,180.9082,-315.9505,252.31639,265.51218,-379.75146,144.25966,250.92691,-340.23132,259.04926,277.93698,-409.84796,134.93295,266.69305,-368.4049,248.29536,280.20395,-427.53455,141.6441,267.6805,-387.82867,244.81168,274.7902,-388.698,147.10356,261.67227,-350.72482,222.00873,152.47278,-12.758358,185.4408,145.543,12.750799,213.54785,204.21219,186.43205,186.34235,187.3916,225.26268,223.6495,156.78104,432.61005,197.72008,155.18575,445.1834,221.32837,147.91074,458.05252,198.8381,149.28926,468.58588,227.48885,160.42252,432.79608,199.80962,157.93404,437.26578
pushup%20(19)_jpg.rf.2633b7616ca100a40fc41437d02f725f.jpg,pushups_up,210.14117,113.10488,-534.0299,214.22643,105.893105,-530.3506,217.148,105.357506,-530.36975,220.094,104.486115,-530.47504,206.3765,105.74398,-528.2553,203.85382,104.3413,-528.32245,201.28954,102.84102,-528.3477,225.28899,96.3179,-445.6595,196.09401,95.22929,-437.46515,214.96712,115.77482,-496.87543,205.87247,114.18852,-494.62518,252.14554,123.96494,-365.26135,177.78624,116.66593,-332.46765,256.38644,206.26353,-361.0107,170.62134,190.02736,-304.89374,264.74155,277.4128,-421.64923,157.31519,260.0744,-346.08606,272.57483,291.1809,-464.07654,149.87155,273.50906,-380.77615,262.44345,293.83218,-482.46796,156.03369,275.08624,-401.4853,259.41476,289.1471,-432.5277,160.3435,268.6441,-357.61337,236.55096,181.64761,-11.710597,197.7966,179.3631,11.5418625,231.99406,186.18398,275.0147,202.8838,183.9897,285.78052,238.25159,164.66995,575.3828,211.16426,160.05196,594.5721,239.06912,160.1393,604.9283,213.36131,155.24644,626.03424,237.2873,171.85199,551.8143,209.09727,165.61508,575.47394
pushup%20(2)_jpg.rf.13b77e0b8f30f1ecab68384273b34675.jpg,pushups_up,220.33885,84.06203,-443.02618,226.20279,76.24945,-438.89108,228.80829,75.23941,-438.89697,231.28801,74.07098,-438.96835,218.37666,75.43001,-446.89444,215.18564,73.63565,-446.9969,211.78693,71.360054,-447.05756,233.14398,66.13548,-359.29944,202.21204,59.311348,-396.92236,220.81813,87.582184,-407.7399,212.71107,85.66456,-418.53955,241.23502,85.99072,-265.26553,166.5462,74.87362,-345.05728,229.72232,160.06656,-241.42183,137.60529,160.3133,-358.99374,237.69583,234.51987,-290.7817,130.05727,232.71584,-391.24557,248.10374,246.45886,-313.99707,117.43003,241.5441,-424.9562,243.99667,249.81277,-334.38345,132.16885,251.54358,-437.2442,239.29855,244.21,-301.5623,135.11671,244.72159,-398.08527,194.08772,158.46585,18.633898,155.65282,158.0731,-18.8662,179.46819,175.78285,274.4274,150.61717,172.22047,208.79945,184.65984,146.35027,504.01566,144.18843,152.4577,446.61456,181.49037,139.30582,528.49176,142.20854,147.35858,470.90405,184.9334,151.14708,508.01608,144.95134,158.74725,431.05377
pushup%20(21)_jpg.rf.b63a556142f771d7221d9c3c546ef941.jpg,pushups_up,189.32928,114.878845,-438.53595,194.54663,107.361,-441.68665,197.38034,106.27147,-441.6819,200.1452,105.01637,-441.77316,187.00465,106.42339,-444.39545,184.26721,104.835526,-444.4648,181.56451,103.227554,-444.46906,203.88739,95.21685,-379.86075,173.00038,94.408676,-392.59177,192.08473,116.42195,-407.8283,184.09392,114.4725,-411.65378,221.82564,114.0287,-302.79132,142.1474,107.14108,-317.76935,223.0867,195.68135,-283.85052,130.25745,186.98517,-294.47925,231.50232,270.46304,-326.28357,117.725975,261.78,-322.74463,242.46777,281.74146,-355.90527,111.25513,273.02136,-355.73645,230.73264,287.12518,-378.46017,119.064224,277.22797,-371.4851,226.97363,283.90717,-337.82532,122.961426,273.12927,-331.55,195.9213,174.7251,0.89888823,150.12038,173.5467,-1.0990742,187.78177,181.44766,275.5311,150.77293,183.12329,255.406,189.9132,160.95482,539.9998,157.4648,162.5878,523.49304,187.77315,155.6562,568.00757,159.20874,157.22804,551.1723,192.6155,169.00781,539.9946,157.20781,169.46902,515.9814
pushup%20(22)_jpg.rf.e6ad6025e93e324dd48600494292bf39.jpg,pushups_up,194.47781,93.17048,-490.71542,200.50275,83.994385,-489.53076,203.4598,82.86202,-489.51758,206.2974,81.56075,-489.61084,191.80476,83.80249,-493.80505,188.64056,82.46472,-493.89993,185.53064,80.898186,-493.92868,209.24985,73.5647,-406.35507,176.55296,70.62307,-426.86133,197.3695,96.532814,-452.53333,187.55927,95.22482,-458.48233,224.20786,92.069466,-309.09775,142.88687,92.64082,-358.32654,222.70491,175.73457,-296.70132,131.3407,173.36359,-363.23584,235.66931,254.03879,-357.83524,118.85768,246.9993,-403.6287,249.44519,262.37146,-390.81253,112.34511,261.68866,-442.99915,239.11185,266.56924,-413.46326,118.61044,265.38837,-458.17377,234.30402,263.16913,-370.32938,122.484055,259.10287,-412.57114,193.75558,166.7934,9.817108,150.92554,169.31403,-10.097365,190.07114,163.08443,307.232,150.71025,173.80467,251.86662,182.85379,140.83054,580.3367,153.22298,143.26465,542.0631,178.44508,135.76454,608.1876,153.67513,136.66881,571.7734,184.0168,148.37474,567.1205,151.84892,145.76445,521.9571
pushup%20(23)_jpg.rf.ca62938a496b151fcd7dd00a2ef8d68e.jpg,pushups_up,200.386,77.6479,-491.35968,205.68005,68.679794,-489.4534,208.41173,67.77174,-489.44547,210.98285,66.6171,-489.54587,196.99284,67.72897,-493.04388,193.632,66.19064,-493.16138,190.25609,64.55378,-493.1995,213.6896,59.58794,-406.64682,182.93268,55.853535,-424.26535,204.22783,81.78613,-453.94424,193.9672,80.446945,-459.01535,232.22519,83.22315,-313.00424,151.85513,81.440155,-358.18155,230.02216,166.19331,-297.6406,138.32712,169.85756,-361.4622,242.93616,244.92107,-357.58414,126.43482,246.72182,-402.42853,253.79807,255.51324,-391.7144,119.32808,262.53522,-442.73917,243.16824,258.76532,-412.72232,126.91772,264.15393,-454.65375,239.27759,254.4909,-369.09113,130.55804,259.2763,-409.4922,202.35876,163.48405,7.804582,158.04286,165.15448,-8.137884,195.93744,160.54263,315.96194,157.44353,169.66313,266.03564,192.41006,136.78966,595.6525,162.00374,138.48195,564.7864,189.13248,131.84724,624.5193,162.94633,131.33516,595.7724,194.21242,143.91748,585.5446,161.08208,142.71765,548.0672
pushup%20(24)_jpg.rf.01717271c9108eb48b7581a5441af937.jpg,pushups_up,190.21729,63.273922,-551.0585,194.6696,56.281483,-551.2692,197.4683,55.482224,-551.2762,200.32864,54.32256,-551.3675,186.48592,55.669365,-552.544,183.6631,54.412704,-552.651,180.927,53.279995,-552.71704,204.295,45.76767,-468.11823,175.13147,46.854877,-475.4167,194.30927,67.024185,-512.68604,184.66266,65.74944,-514.7731,223.10583,65.97627,-367.60645,147.55376,66.70857,-394.15195,228.49956,155.83281,-366.4775,135.94339,154.90675,-404.30426,241.92236,237.3193,-429.17145,122.70121,237.21762,-451.20267,252.16446,249.02205,-465.39435,114.18107,250.69556,-494.0888,239.63602,252.80978,-490.26624,122.02003,253.55086,-508.76093,235.68828,249.86823,-442.4842,126.53537,248.58304,-460.21594,203.74646,146.76234,7.453604,160.00818,154.95886,-7.689727,189.5456,182.79219,304.11575,153.20633,173.07536,268.91385,192.96849,149.64792,600.3751,165.96909,149.20232,555.99335,191.5374,141.72762,631.00397,168.89929,142.43982,586.0552,188.50827,159.19186,594.6348,165.19182,157.37727,540.44507
pushup%20(25)_jpg.rf.17f09d06541d0d35aa53f456e36b585d.jpg,pushups_up,187.61617,41.452553,-505.2144,191.77667,31.730011,-502.04407,194.7306,30.300835,-502.0639,197.75145,28.609493,-502.18707,183.33006,31.81826,-504.6642,180.34157,30.54744,-504.77362,177.58035,29.007103,-504.84467,200.33662,20.931644,-413.27274,170.19739,20.506737,-426.26297,190.90627,45.612495,-465.9314,181.75659,44.481697,-469.65005,217.3459,55.03645,-324.13968,139.36024,53.224823,-361.89502,220.55139,147.5845,-321.81787,131.33392,144.61528,-370.9277,235.59108,228.66365,-389.66376,116.97833,227.80878,-420.72266,244.19243,241.3548,-426.38486,104.37503,241.68202,-463.9817,232.08403,243.72794,-449.5234,114.44562,242.31044,-480.14673,227.56317,240.24812,-402.90683,119.824646,238.80359,-430.6995,189.7562,153.6361,6.582022,154.32034,153.32199,-6.98189,191.80786,150.69748,327.12024,152.04211,153.40433,285.62103,191.71512,120.02249,627.5709,162.01698,120.2191,595.01807,190.1307,113.65211,658.33813,164.09436,111.94687,627.15576,190.09627,128.43985,619.22253,159.22444,127.72784,580.09357
pushup%20(26)_jpg.rf.572144992a3dfc4cbabdcef487983f13.jpg,pushups_up,187.06566,52.93369,-351.30563,188.14633,38.767963,-354.05066,188.268,38.370502,-354.07693,188.50069,37.825066,-354.1837,187.4056,38.61923,-356.62512,186.99445,38.317802,-356.6965,185.56087,37.951397,-356.78348,186.21613,35.28574,-314.87616,182.39957,39.206646,-327.7523,187.88655,54.951538,-331.37686,182.407,57.74933,-334.99945,212.29337,75.04076,-275.14886,141.56949,72.727715,-291.32574,222.50034,161.78833,-283.49014,132.49089,155.70631,-302.10275,235.36519,243.14812,-347.4414,117.5595,240.49477,-334.69727,247.57077,254.99292,-383.39462,117.77261,245.51073,-369.2064,232.48624,259.06174,-400.08795,116.237114,255.94064,-384.40738,227.49702,254.7454,-358.4678,121.54992,251.99922,-344.1307,193.44592,165.12149,-5.030015,161.82422,169.82143,4.7262864,187.28072,162.42947,274.93192,158.26483,164.19432,265.47543,198.12852,134.23857,545.438,167.77704,135.45477,561.104,199.71924,129.75624,572.84753,169.9617,128.6985,591.8022,196.75484,135.81754,542.6159,165.02597,139.44742,561.7163
pushup%20(27)_jpg.rf.d940d36e5aae997fbd7f19165c0e8662.jpg,pushups_up,200.73434,68.14288,-507.1192,204.53075,56.47004,-497.03754,206.53941,56.213604,-497.06934,208.59778,55.888954,-497.17963,198.12512,55.690605,-499.95108,195.35289,54.84127,-500.04065,192.90892,54.09325,-500.08527,209.20427,53.019966,-401.55276,184.17479,52.798725,-416.3755,203.30853,74.491516,-468.3575,195.03598,73.94242,-472.50653,230.23953,97.12124,-326.42673,152.2951,98.997986,-355.70947,236.21156,183.80365,-336.8784,141.56735,185.25504,-372.63376,245.461,267.7637,-411.7755,127.861176,264.7599,-426.61978,261.79922,278.8765,-453.12936,117.92383,277.47644,-472.0303,245.52477,284.9506,-473.6164,126.59766,280.8258,-486.28778,240.79599,281.28207,-424.53967,131.0628,276.82874,-436.6998,205.17719,183.59322,2.6564636,166.10379,185.8763,-3.0071645,201.95117,188.23744,320.60547,165.0217,188.29243,292.1298,207.91206,155.59447,635.8549,174.21887,156.38812,621.3695,207.04529,150.0332,668.13885,176.11293,149.31967,654.9444,210.95627,159.88225,625.47577,174.80054,162.28514,605.3401
pushup%20(28)_jpg.rf.6f3de9267f78b7b84055849d259405d5.jpg,pushups_up,198.02267,66.51962,-543.255,201.76445,55.027893,-528.8909,204.82672,54.322933,-528.875,207.62175,53.787945,-528.91516,191.42084,56.454887,-530.93304,187.99388,56.495728,-531.05707,184.45961,56.543285,-531.09106,210.90234,56.092205,-424.0713,177.79272,59.307034,-436.74658,202.99486,75.9264,-503.39612,191.60027,76.73755,-506.93262,233.97603,115.46549,-341.32703,150.13678,114.03345,-380.65753,236.13998,205.50974,-344.21085,143.79427,199.58957,-398.1215,247.5616,286.8052,-409.08093,128.77849,280.98602,-446.36182,254.60782,299.07852,-447.88428,119.22733,296.23282,-492.1015,244.04996,302.4866,-470.3961,129.88948,298.8754,-505.03763,239.93561,298.46368,-421.924,134.28792,293.73376,-455.57947,213.602,194.96887,7.7893543,167.17563,196.182,-8.138788,207.27605,199.11284,322.52643,169.8378,201.41022,279.63483,209.8714,171.03598,640.5865,178.93785,169.04321,600.8625,208.6033,165.6874,672.0768,180.85143,161.5239,633.0567,211.40996,178.83807,623.681,179.32254,176.20547,573.7595
pushup%20(29)_jpg.rf.207940a29cd92f572289a3dba6580445.jpg,pushups_up,210.68166,56.075356,-548.2858,214.82857,47.228706,-532.69946,217.68405,47.192482,-532.6876,220.47363,47.277184,-532.74945,205.09668,47.41781,-534.99634,201.4034,47.35545,-535.1095,197.87901,47.532204,-535.13654,223.32803,50.823723,-429.0672,190.69962,51.67834,-442.53607,215.31396,66.82487,-509.4977,203.2012,66.43436,-513.2407,244.22322,116.37394,-353.0098,162.98979,107.87389,-384.45013,245.69551,202.07298,-366.53094,154.22733,193.972,-403.50815,255.98126,281.45163,-439.45007,139.72519,278.22897,-451.6178,262.48407,296.13013,-479.7592,129.76212,293.43237,-497.0923,252.94296,298.00943,-500.97067,140.31873,296.17456,-507.27884,248.8376,293.14542,-452.2264,144.62424,289.01657,-459.8202,222.91193,186.23102,5.4414744,177.75647,184.50035,-5.8289595,213.36555,205.26091,317.99564,179.69633,196.16388,284.5101,218.48058,165.9525,635.7705,187.96954,158.91476,600.6838,217.54831,158.39679,667.5338,189.25514,151.67018,632.34534,215.46368,173.6637,618.1443,187.78113,162.36838,571.721
pushup%20(3)_jpg.rf.b1cf27f72d50a6ec1d76dd73e62aa638.jpg,pushups_up,235.56668,94.99466,-454.7058,241.58302,87.05259,-448.90497,244.03436,85.93715,-448.8952,246.39667,84.52841,-448.9378,233.50441,86.60571,-457.57944,229.99718,85.22238,-457.69,226.3517,83.46842,-457.7474,247.5448,76.61427,-364.1175,217.59357,72.7267,-406.49936,235.67673,97.77022,-418.04196,226.97946,96.25473,-430.2605,252.24074,100.66367,-272.6826,179.98064,88.05609,-353.10602,247.86343,180.06903,-250.06964,149.97604,170.48367,-367.0803,254.26102,250.195,-303.86038,146.5621,242.83153,-401.0472,264.36185,261.9547,-329.42514,140.68655,257.7124,-436.609,257.8669,265.70154,-349.99704,148.98988,261.2632,-448.64084,253.917,260.55927,-314.89316,152.06374,255.67816,-407.8286,209.7276,176.03217,17.798864,172.27408,174.2615,-18.079103,195.84787,184.36433,295.88983,160.62383,184.46385,216.94547,199.27011,154.38667,536.9711,148.41537,158.65315,476.9545,195.3156,147.83727,562.55396,150.6419,150.04488,503.59943,199.67746,157.77046,539.1378,146.93582,161.33421,461.71338
pushup%20(30)_jpg.rf.fd2057abe3f86c87e1d30b1e40a54ee6.jpg,pushups_up,212.73183,49.46163,-506.50537,216.8466,40.56213,-492.30246,219.84398,40.59935,-492.28647,222.40022,40.82628,-492.36475,207.72125,40.583183,-495.50137,203.8755,40.637894,-495.6146,200.20992,40.944168,-495.64978,225.4036,44.338093,-393.81732,192.99402,44.83084,-411.30603,217.05087,59.917572,-469.2903,205.18591,59.836193,-474.1872,245.06865,105.52614,-320.00882,165.41492,102.45135,-360.44113,245.46616,193.55418,-324.76666,156.68294,189.75911,-371.59802,254.01498,273.5324,-388.9657,140.3713,275.3315,-411.5689,263.78494,286.36063,-425.37543,129.64052,289.46085,-453.1033,252.6032,291.24643,-445.45663,140.04918,293.3106,-464.67603,247.12329,287.57156,-400.88156,144.9558,286.61542,-419.7846,226.27914,181.42332,5.644289,180.31537,183.21004,-6.0362597,223.15015,182.69728,306.5048,181.22101,187.9116,262.77832,222.99864,149.2947,594.5379,192.38808,147.14737,564.7288,221.42963,143.0449,622.9554,194.09964,138.88193,594.7909,224.04834,155.7225,575.3085,193.34117,149.97316,536.1377
pushup%20(31)_jpg.rf.2e4ed4e263af6de93dc5c50624cf55b9.jpg,pushups_up,213.61621,103.199974,-616.6411,219.23808,92.71316,-608.9763,222.34038,91.54215,-608.9768,225.30188,90.06011,-609.06445,209.48285,92.66203,-610.4827,205.91321,91.6321,-610.57855,202.37338,90.315704,-610.6109,229.30507,84.52626,-505.81332,195.0898,83.8951,-515.27106,217.7266,110.52859,-572.9877,206.68651,109.27534,-575.68335,248.50629,126.602036,-399.3105,165.89598,119.580284,-426.89105,248.16582,212.84259,-403.19266,155.658,204.88849,-442.7199,256.54086,286.54123,-469.3339,141.39539,281.2262,-490.4104,266.20627,298.69553,-510.70117,131.53894,296.3941,-538.0937,254.7243,302.53888,-534.032,142.56436,298.95508,-551.4615,250.99014,298.81265,-482.4505,146.54858,294.64172,-499.88492,224.14662,178.65878,6.0568357,178.51224,180.35864,-6.271739,221.13373,193.44351,324.805,178.25815,196.83174,284.22122,216.73383,169.20264,646.03815,187.85631,168.46739,613.4318,213.0293,164.198,678.1014,189.47197,161.65285,646.68567,220.26509,178.22574,623.9143,191.28214,175.66405,582.578
pushup%20(4)_jpg.rf.88376906cda6273e88f6f43813ea2f9f.jpg,pushups_up,228.90332,93.73354,-544.88403,233.75383,86.11714,-537.62256,236.51419,85.30538,-537.6088,239.0682,84.395744,-537.65686,225.27968,85.96147,-543.1143,222.06757,84.9044,-543.1924,218.89677,83.54903,-543.2364,241.74359,78.9483,-449.36346,211.05573,75.33387,-476.78174,231.49168,96.71889,-508.093,222.57387,96.051254,-515.9363,252.2674,113.66498,-353.17044,179.41766,96.38474,-399.70755,247.82314,190.71791,-349.00375,161.20125,179.15245,-415.51868,256.2834,261.31863,-382.53452,147.97748,255.38509,-440.3013,263.9605,274.64426,-407.79117,139.06635,268.1719,-474.27844,258.5263,277.97055,-430.8097,150.92,271.86633,-487.31927,254.54459,272.9791,-394.04544,154.05493,265.69702,-448.1244,217.47787,152.61064,13.106258,177.98564,153.10213,-13.188141,200.52646,205.69736,240.22066,173.32669,199.6549,185.36734,206.74393,164.31091,476.10825,171.48573,166.72057,415.06696,206.59917,155.80302,501.15808,172.55406,158.66428,439.40277,202.18634,169.75768,485.53293,166.7052,172.85677,411.14044
pushup%20(5)_jpg.rf.d6893d4144dad2599f0181a71e5ed18e.jpg,pushups_up,202.90147,83.161,-500.7221,208.89882,74.755516,-492.0549,211.9949,74.63366,-492.04156,214.77873,74.49078,-492.12726,198.82529,74.09929,-493.37708,195.17635,73.484535,-493.4879,191.94652,72.79891,-493.52615,220.14655,74.54547,-401.1567,187.60152,71.59622,-409.13394,208.10258,91.492294,-463.89908,195.87456,90.3235,-466.06653,241.14856,117.14953,-311.2796,163.26306,109.3939,-350.11646,239.94806,194.0014,-303.67496,150.10834,197.1259,-357.70227,248.12115,265.9982,-354.59833,137.382,269.3362,-391.59372,257.63373,277.61572,-384.63617,130.8547,283.3385,-429.06046,249.05708,281.1675,-406.34662,138.04178,285.6356,-441.00366,245.6243,276.33194,-365.8478,141.72702,280.74658,-399.444,213.81587,182.09456,10.453612,171.95122,185.90915,-10.719425,204.41492,186.2476,295.88684,168.86534,199.06496,233.75221,205.10655,161.6082,553.2612,177.4206,161.24489,508.9238,203.43713,157.8242,579.0716,179.35976,153.27277,537.1161,208.08646,167.45815,534.9805,176.99257,164.28163,483.72864
pushup%20(6)_jpg.rf.64340568eaeacf80c27b160c9cf0588d.jpg,pushups_up,196.43736,66.57196,-564.81934,201.95956,56.949,-552.69556,204.97876,56.67727,-552.6894,207.7148,56.468452,-552.7683,190.9979,57.260807,-554.6986,187.11197,57.21125,-554.7912,183.47342,57.09185,-554.8139,212.36754,56.82527,-454.4146,178.52145,57.50447,-465.34515,201.83476,74.925415,-526.38403,188.88507,75.198685,-529.3566,234.77818,108.29481,-371.82828,154.21112,101.180405,-395.57855,236.85545,190.28897,-390.2901,143.90672,188.53624,-417.13925,244.46213,262.99063,-452.3258,131.54283,261.5515,-458.33932,253.1962,276.70218,-489.0304,122.46754,276.675,-500.5189,243.13599,279.39307,-510.44812,132.4684,279.3949,-511.62857,239.25732,275.19205,-464.29852,136.72147,273.70792,-466.72174,212.16887,163.06798,4.952311,169.06897,163.9083,-5.2142286,197.14558,188.52786,287.88824,166.08957,179.99185,268.7856,202.2921,152.87921,585.8448,173.27164,146.20084,546.87445,201.87177,145.58948,615.71643,175.43816,139.81635,574.7235,199.82689,158.88498,574.65875,171.68562,148.79268,520.08057
pushup%20(7)_jpg.rf.a98aa8a6435d3dc400c2d47c7294fd32.jpg,pushups_up,193.047,64.916626,-559.24316,198.42923,53.815567,-547.03076,201.51251,53.311348,-547.0322,204.45613,52.91327,-547.10077,186.61632,54.59902,-547.5101,182.51288,54.76696,-547.6096,179.35231,54.982395,-547.6303,209.26837,54.12613,-446.9383,174.27795,56.91761,-451.67603,199.1937,75.18884,-520.25854,185.78656,75.84999,-521.57196,234.24045,109.516884,-369.45288,151.11618,102.8206,-370.3001,239.46895,192.04562,-374.75894,143.32166,180.78062,-367.72363,247.32668,266.37314,-415.35922,131.21376,259.12595,-405.3737,253.53893,279.72052,-451.08246,120.562996,274.4723,-442.79678,241.97043,282.9719,-470.33124,130.5286,278.34396,-458.75577,238.56773,278.1796,-425.60464,135.7131,272.3386,-415.3345,216.24307,166.80176,-3.3586621,171.68248,168.36977,3.150146,211.68665,195.98471,272.66696,170.40518,185.13133,276.17215,210.84026,159.85608,562.7511,179.52194,160.4707,542.57306,210.26767,151.42842,592.61444,181.78395,155.18231,569.6851,210.27817,168.95444,552.6767,181.23961,167.35968,516.68195
pushup%20(8)_jpg.rf.faebadee66a45b2775c836fce177798d.jpg,pushups_up,204.5131,81.015434,-600.6685,209.8098,70.112915,-589.00055,212.41702,69.48371,-589.0092,214.82762,68.86917,-589.081,199.83893,70.484985,-589.61865,195.42816,69.90136,-589.6877,191.51299,69.07032,-589.70215,217.99475,66.65121,-488.18945,184.94531,66.89962,-493.3942,208.6926,88.12949,-560.37415,196.56248,87.99885,-561.8008,240.82841,111.964905,-407.56082,153.17639,109.26812,-399.22256,245.8189,198.08041,-426.76053,153.72716,189.152,-405.49625,255.21878,270.22604,-478.43347,141.81659,257.88013,-443.7909,261.37088,284.32828,-518.23944,134.14784,270.67868,-482.58328,253.65594,288.05356,-536.1111,141.40817,275.57492,-497.23145,250.70758,282.3035,-488.8698,146.30507,270.1783,-453.21875,225.39249,163.45023,-6.099489,184.09695,165.77219,5.914312,216.04866,198.11415,282.4378,189.46297,185.49083,287.24573,224.27502,162.25719,592.55145,200.0246,152.43324,591.2573,224.33499,155.98195,623.1457,202.83556,147.1091,621.6246,224.14053,171.80339,568.39355,200.85182,155.42648,563.19305
pushup%20(83)_jpg.rf.6d7da31691403d78fc7bb364a394fc4c.jpg,pushups_up,311.7296,61.071075,-96.31052,311.61087,50.45349,-87.05164,311.11194,49.48855,-87.096146,310.43015,48.419685,-87.150955,310.37177,50.737938,-114.208305,309.23276,50.080925,-114.24841,307.99188,49.296085,-114.33499,300.00122,45.30806,-42.34093,298.18073,46.4122,-164.97966,305.19037,65.93254,-76.38664,303.88754,65.56479,-111.56937,265.27487,73.271065,42.44115,263.96762,72.22523,-220.21317,247.05411,143.19548,60.327606,245.63486,156.98814,-240.93161,255.55779,210.36981,35.11199,247.63298,233.14034,-212.9878,258.7211,214.31966,41.9118,249.96254,245.97574,-236.92578,261.0511,214.18562,18.39781,255.67993,249.36795,-223.08719,256.70975,218.18307,23.646538,253.791,244.10155,-207.319,186.85484,152.39423,77.84222,179.92044,151.99315,-77.907814,115.355286,188.65012,132.70285,92.19011,186.36334,-54.245075,35.384167,169.2692,222.05309,10.975953,169.70415,21.939999,19.968548,161.28632,229.85307,-0.16565895,165.3512,28.232658,16.511766,184.57191,204.83199,-4.523672,187.70499,-21.079845
pushup%20(84)_jpg.rf.409566fb7445dae7d6fe301359e6fa6d.jpg,pushups_up,315.95828,53.652374,-78.92731,316.7259,43.009933,-71.32784,316.5603,42.314884,-71.37858,316.16248,41.410038,-71.4432,314.54938,42.025295,-94.85433,313.14246,40.91486,-94.886665,311.5866,39.708084,-94.95928,306.0883,37.512985,-31.339312,301.32697,36.227116,-137.77379,310.34106,57.877296,-61.080414,307.8131,56.576008,-91.5842,270.30487,62.31938,41.34864,268.54327,59.661682,-185.93994,253.87169,127.91834,61.346504,247.80988,140.30496,-199.21695,257.22974,190.605,41.46822,259.69138,214.34094,-170.52043,265.18024,200.42644,45.00778,260.01602,229.18193,-191.1724,265.09305,202.84627,23.376947,261.38123,233.60768,-180.49428,261.47568,199.7015,30.861258,258.80408,228.54404,-165.90793,189.73927,141.15039,63.7009,180.51582,136.65796,-63.728096,112.54511,178.25247,94.029015,92.756134,173.2822,-60.459503,28.742237,152.58904,153.89479,3.807788,150.12642,-1.7408506,19.57813,143.60443,158.75471,-5.72116,144.40761,2.8758903,13.170978,166.61636,135.04083,-7.8566875,165.08505,-40.702404
pushup%20(85)_jpg.rf.b3391c38698b07a7fc74aafa336070b2.jpg,pushups_up,322.29694,47.53728,-93.82297,323.56003,37.433678,-85.69816,323.19824,36.778873,-85.76418,322.55966,35.886765,-85.83929,321.33652,36.31721,-108.28006,319.57733,35.063423,-108.30399,317.55035,33.671986,-108.34757,310.84988,30.704878,-48.09918,305.0802,28.841072,-150.47261,315.14987,52.59042,-77.25093,312.68433,51.124836,-106.519165,275.50607,58.85682,22.253681,270.68463,53.78246,-200.31311,253.97763,128.14705,38.982502,251.8439,142.1351,-213.20793,257.46967,202.87025,34.507656,253.28458,217.85258,-186.39183,263.38486,208.94485,42.28854,257.99786,230.35196,-206.76416,263.29767,221.65182,20.504934,263.6627,233.51762,-196.63936,258.34222,216.95306,24.384369,259.2632,228.20221,-182.31458,188.682,142.84221,61.026733,179.86627,140.16583,-61.03795,113.223816,179.07457,113.48467,93.76553,172.4626,-54.200478,35.258442,143.41632,181.30226,15.992771,149.01,34.7001,23.08841,139.57124,187.934,10.118449,138.96025,43.759148,16.35729,156.37547,177.70702,-1.1844206,150.9013,21.07063
pushup%20(86)_jpg.rf.d20e5ae9a6a5fbb90a3dcb60781f84b8.jpg,pushups_up,314.66202,76.66532,-148.54765,314.84543,66.590485,-140.08786,314.42447,66.05911,-140.1137,313.7998,65.45552,-140.17773,313.37158,66.715034,-166.34889,312.1267,66.28861,-166.39784,310.71426,65.80703,-166.45547,303.3047,64.24484,-88.37156,300.8659,64.70174,-207.2636,309.48706,82.14239,-125.87994,307.52762,81.59384,-159.9943,285.38586,97.258644,-9.52546,264.6136,96.21619,-238.01437,288.38547,154.6048,31.148197,248.78206,171.35849,-246.90527,304.08987,214.03528,-2.0433033,250.32181,257.42517,-239.16136,313.0588,223.01613,-5.986108,253.77072,268.07233,-270.06055,312.1363,223.82689,-33.0914,259.90604,267.53137,-262.27118,308.58514,221.97635,-14.697169,258.8267,263.25323,-236.41267,197.80226,175.76212,61.706062,179.48677,167.61366,-61.74027,121.32144,203.99313,127.1768,99.82258,203.5614,-19.841877,39.697834,194.8099,229.17998,16.161072,191.53072,80.07376,20.548603,183.91212,238.91339,10.333426,195.79411,88.34772,28.177158,220.1262,215.54825,17.483677,228.7247,40.990505
pushup%20(87)_jpg.rf.568080ed161d3e8ced36a2dddd7bc716.jpg,pushups_up,328.99353,61.089745,-101.124214,330.2516,53.419933,-94.57248,329.742,52.662,-94.59995,329.0907,51.733875,-94.63963,329.6999,52.99939,-117.722916,328.84674,52.0316,-117.74301,327.8417,50.96677,-117.78774,319.74316,45.64395,-54.301533,319.02377,46.838154,-160.30328,322.98923,64.39692,-82.77159,322.0381,63.562336,-113.20834,278.57025,57.65241,24.618519,286.6749,74.930954,-201.01662,259.7864,112.5058,55.26381,262.92972,148.3456,-225.123,264.35022,154.46461,42.784313,270.10025,227.14497,-207.97406,268.83047,156.28732,48.115063,265.38065,246.3652,-233.33124,274.2819,159.5445,27.309452,278.63214,241.95604,-217.41278,271.77133,161.03084,33.80688,275.98862,236.14163,-202.24876,198.0409,130.68687,69.463905,194.8776,142.69402,-69.50872,126.882286,154.54594,169.05293,110.25062,176.56686,-48.656097,51.552315,150.56393,278.43347,26.335533,173.24062,2.040532,42.966156,139.07684,288.02612,8.895558,165.33018,4.9926,43.694923,173.3103,270.6895,27.800762,202.645,-46.813046
pushup%20(88)_jpg.rf.f4e9e1595a6db33241aeade2163b97b4.jpg,pushups_up,322.18164,82.01428,-84.08101,323.26886,73.41543,-74.96066,322.86133,72.783936,-74.99001,322.38104,72.02677,-75.02055,322.38437,72.998795,-99.562805,321.43332,72.19344,-99.56872,320.44904,71.29513,-99.620575,313.246,67.11377,-30.091803,311.76434,67.87967,-141.31934,316.07614,86.69898,-64.49022,314.98752,86.10795,-96.48003,273.0376,81.5468,51.176464,281.4569,94.84274,-195.21446,265.65186,132.3926,81.53469,261.2059,163.19298,-225.48534,283.6369,171.01251,72.07696,263.1532,241.01468,-207.84332,296.44592,174.94244,83.134514,263.7297,255.10953,-230.46538,303.18875,173.47296,62.8318,270.18256,256.6163,-214.36754,294.98102,172.05489,63.09241,268.22214,250.77835,-201.38222,200.17615,163.14198,72.35599,190.61467,169.52509,-72.4322,129.04138,196.1167,158.98483,110.54473,204.13087,-54.963177,45.965958,186.62302,244.29567,24.686903,207.06767,9.707433,39.8051,175.7108,251.93257,8.862729,198.24533,14.586739,42.619244,202.06316,240.00262,27.48493,236.98701,-23.088238
pushup%20(89)_jpg.rf.dea2b2bfabadca8323909cbe7372ae06.jpg,pushups_up,318.1492,78.18557,-71.469536,317.96063,67.239746,-62.079998,317.4393,66.18997,-62.118603,316.73355,65.137566,-62.153057,317.2881,67.508575,-87.12614,316.4391,66.70425,-87.14703,315.44156,65.868225,-87.220055,307.3375,62.161655,-16.296902,306.90884,63.88647,-129.1562,312.28903,82.49979,-51.439198,311.41098,82.42244,-83.92741,266.25046,80.06995,66.014854,275.78232,96.81351,-183.34201,249.57394,136.47029,88.170845,253.59882,162.83992,-213.03122,249.64516,174.78723,70.86169,252.34865,235.66339,-197.56715,254.41438,180.43034,82.60775,253.43588,249.44246,-219.44327,262.29623,182.40994,63.06949,258.5397,249.60191,-202.18652,260.9951,183.26828,62.205494,256.1744,243.91908,-190.71617,188.51508,157.1829,73.43183,185.40436,170.73598,-73.40332,121.75939,188.92995,150.31573,108.592514,206.17786,-56.857456,49.178753,182.66281,234.33163,26.176456,208.54793,7.0279217,32.6985,177.26796,241.66515,9.179604,201.92863,12.0032425,43.208817,202.63257,226.82619,28.50477,239.10674,-30.406038
pushup%20(9)_jpg.rf.23efbd02913305e080a9c8a336bd1685.jpg,pushups_up,212.29971,120.70616,-546.44727,216.7161,112.90294,-544.03925,219.5567,112.024826,-544.04614,222.27478,111.02755,-544.1174,208.44374,112.68098,-543.0889,205.7252,111.63359,-543.1501,203.14594,110.49105,-543.1878,227.01233,103.42555,-462.8861,198.1528,101.625534,-460.25278,217.07005,123.187996,-510.36047,207.5265,122.89805,-509.63144,253.5745,122.02004,-377.58667,176.98662,121.695915,-358.89194,259.72873,206.86057,-384.2586,173.68759,193.20825,-351.41525,269.86713,276.52725,-433.8451,160.21875,262.29877,-387.06583,276.05426,289.7139,-474.14978,152.70879,277.73615,-422.75702,267.49124,292.84058,-490.4888,159.26471,278.51413,-440.84647,264.38574,286.3206,-443.73434,163.81516,273.59598,-397.58215,242.05632,168.31587,-6.8642473,203.63867,164.88809,6.745709,239.46223,195.3624,259.13358,206.47156,187.72533,268.59586,240.12447,163.60638,549.38654,210.40703,172.94357,547.74255,238.3446,156.27434,578.4927,210.81804,168.7467,576.1218,241.41211,171.89912,531.8946,213.31465,182.15302,523.5334
pushup%20(90)_jpg.rf.c65b5af0a5148d9deca8e0792e0a9a82.jpg,pushups_up,318.13208,91.0298,-76.77155,318.0395,82.46754,-68.406,317.42743,81.549,-68.43806,316.59656,80.45347,-68.469604,317.36853,82.84617,-93.31198,316.4326,82.32138,-93.31461,315.3531,81.703545,-93.37885,306.07248,76.450165,-24.061424,306.28757,79.465,-137.04756,311.8975,95.58895,-56.9372,310.97565,95.66766,-89.45697,263.72177,88.78112,58.79628,273.7395,113.30975,-186.72075,249.64107,144.3128,87.98946,256.82214,177.07907,-221.39256,256.25415,185.64752,73.9541,258.0666,252.27882,-211.34668,261.51953,184.64091,84.43759,258.19687,273.65802,-235.97372,267.8045,188.05508,64.46875,262.33917,267.5194,-218.41403,266.1637,189.59804,65.29984,259.38596,259.46518,-204.67584,184.42807,166.02301,71.943954,186.06647,186.3181,-72.002045,112.806046,189.88008,180.66147,111.415405,218.58801,-45.563385,51.41531,191.37993,292.6212,31.125732,225.02623,16.041292,38.506012,183.14302,302.35397,14.612181,220.7522,20.382317,42.998306,207.204,285.54745,33.63893,253.09756,-28.13662
